{
    "fontName": "Bravura", 
    "fontVersion": 0.85, 

    "engravingDefaults": {
        "arrowShaftThickness": 0.16, 
        "barlineSeparation": 0.4, 
        "beamSpacing": 0.25, 
        "beamThickness": 0.5, 
        "bracketThickness": 0.5, 
        "dashedBarlineDashLength": 0.5, 
        "dashedBarlineGapLength": 0.25, 
        "dashedBarlineThickness": 0.16, 
        "hairpinThickness": 0.16, 
        "legerLineExtension": 0.4, 
        "legerLineThickness": 0.16, 
        "lyricLineThickness": 0.16, 
        "octaveLineThickness": 0.16, 
        "pedalLineThickness": 0.16, 
        "repeatBarlineDotSeparation": 0.16, 
        "repeatEndingLineThickness": 0.16, 
        "slurEndpointThickness": 0.1, 
        "slurMidpointThickness": 0.22, 
        "staffLineThickness": 0.13, 
        "stemThickness": 0.16, 
        "subBracketThickness": 0.16, 
        "textEnclosureThickness": 0.16, 
        "thickBarlineThickness": 0.5, 
        "thinBarlineThickness": 0.16, 
        "tieEndpointThickness": 0.1, 
        "tieMidpointThickness": 0.22, 
        "tupletBracketThickness": 0.16
    }, 

    "glyphs": {
        "flag1024thDown": {
            "stemDownSW": [
                0.0, 
                -4.684
            ]
        }, 
        "flag1024thUp": {
            "stemUpNW": [
                0.0, 
                4.448
            ]
        }, 
        "flag128thDown": {
            "stemDownSW": [
                0.0, 
                -2.332
            ]
        }, 
        "flag128thUp": {
            "stemUpNW": [
                0.0, 
                2.216
            ]
        }, 
        "flag16thDown": {
            "stemDownSW": [
                0.0, 
                0.128
            ]
        }, 
        "flag16thUp": {
            "stemUpNW": [
                0.0, 
                -0.088
            ]
        }, 
        "flag256thDown": {
            "stemDownSW": [
                0.0, 
                -3.152
            ]
        }, 
        "flag256thUp": {
            "stemUpNW": [
                0.0, 
                2.94
            ]
        }, 
        "flag32ndDown": {
            "stemDownSW": [
                0.0, 
                -0.708
            ]
        }, 
        "flag32ndUp": {
            "stemUpNW": [
                0.0, 
                0.66
            ]
        }, 
        "flag512thDown": {
            "stemDownSW": [
                0.0, 
                -3.912
            ]
        }, 
        "flag512thUp": {
            "stemUpNW": [
                0.0, 
                3.7
            ]
        }, 
        "flag64thDown": {
            "stemDownSW": [
                0.0, 
                -1.532
            ]
        }, 
        "flag64thUp": {
            "stemUpNW": [
                0.0, 
                1.456
            ]
        }, 
        "flag8thDown": {
            "stemDownSW": [
                0.0, 
                0.132
            ]
        }, 
        "flag8thUp": {
            "stemUpNW": [
                0.0, 
                -0.048
            ]
        }, 
        "gClefLigatedNumberAbove": {
            "numeralBottom": [
                2.224, 
                3.468
            ]
        }, 
        "gClefLigatedNumberBelow": {
            "numeralBottom": [
                1.052, 
                -2.616
            ]
        }, 
        "noteABlack": {
            "stemDownNW": [
                0.0, 
                -0.188
            ], 
            "stemUpSE": [
                1.432, 
                0.188
            ]
        }, 
        "noteAFlatBlack": {
            "stemDownNW": [
                0.0, 
                -0.192
            ], 
            "stemUpSE": [
                1.432, 
                0.184
            ]
        }, 
        "noteAFlatHalf": {
            "stemDownNW": [
                0.0, 
                -0.188
            ], 
            "stemUpSE": [
                1.44, 
                0.196
            ]
        }, 
        "noteAHalf": {
            "stemDownNW": [
                0.0, 
                -0.188
            ], 
            "stemUpSE": [
                1.44, 
                0.196
            ]
        }, 
        "noteASharpBlack": {
            "stemDownNW": [
                0.0, 
                -0.192
            ], 
            "stemUpSE": [
                1.432, 
                0.184
            ]
        }, 
        "noteASharpHalf": {
            "stemDownNW": [
                0.0, 
                -0.188
            ], 
            "stemUpSE": [
                1.444, 
                0.196
            ]
        }, 
        "noteBBlack": {
            "stemDownNW": [
                0.0, 
                -0.188
            ], 
            "stemUpSE": [
                1.428, 
                0.188
            ]
        }, 
        "noteBFlatBlack": {
            "stemDownNW": [
                0.0, 
                -0.188
            ], 
            "stemUpSE": [
                1.428, 
                0.188
            ]
        }, 
        "noteBFlatHalf": {
            "stemDownNW": [
                0.0, 
                -0.188
            ], 
            "stemUpSE": [
                1.44, 
                0.196
            ]
        }, 
        "noteBHalf": {
            "stemDownNW": [
                0.0, 
                -0.188
            ], 
            "stemUpSE": [
                1.444, 
                0.196
            ]
        }, 
        "noteBSharpBlack": {
            "stemDownNW": [
                0.0, 
                -0.184
            ], 
            "stemUpSE": [
                1.428, 
                0.192
            ]
        }, 
        "noteBSharpHalf": {
            "stemDownNW": [
                0.0, 
                -0.188
            ], 
            "stemUpSE": [
                1.444, 
                0.196
            ]
        }, 
        "noteCBlack": {
            "stemDownNW": [
                0.0, 
                -0.184
            ], 
            "stemUpSE": [
                1.432, 
                0.192
            ]
        }, 
        "noteCFlatBlack": {
            "stemDownNW": [
                0.0, 
                -0.188
            ], 
            "stemUpSE": [
                1.428, 
                0.188
            ]
        }, 
        "noteCFlatHalf": {
            "stemDownNW": [
                0.0, 
                -0.188
            ], 
            "stemUpSE": [
                1.44, 
                0.196
            ]
        }, 
        "noteCHalf": {
            "stemDownNW": [
                0.0, 
                -0.188
            ], 
            "stemUpSE": [
                1.444, 
                0.196
            ]
        }, 
        "noteCSharpBlack": {
            "stemDownNW": [
                0.0, 
                -0.184
            ], 
            "stemUpSE": [
                1.428, 
                0.192
            ]
        }, 
        "noteCSharpHalf": {
            "stemDownNW": [
                0.0, 
                -0.188
            ], 
            "stemUpSE": [
                1.444, 
                0.196
            ]
        }, 
        "noteDBlack": {
            "stemDownNW": [
                0.0, 
                -0.188
            ], 
            "stemUpSE": [
                1.428, 
                0.188
            ]
        }, 
        "noteDFlatBlack": {
            "stemDownNW": [
                0.0, 
                -0.188
            ], 
            "stemUpSE": [
                1.428, 
                0.188
            ]
        }, 
        "noteDFlatHalf": {
            "stemDownNW": [
                0.0, 
                -0.188
            ], 
            "stemUpSE": [
                1.44, 
                0.196
            ]
        }, 
        "noteDHalf": {
            "stemDownNW": [
                0.0, 
                -0.188
            ], 
            "stemUpSE": [
                1.444, 
                0.196
            ]
        }, 
        "noteDSharpBlack": {
            "stemDownNW": [
                0.0, 
                -0.188
            ], 
            "stemUpSE": [
                1.428, 
                0.188
            ]
        }, 
        "noteDSharpHalf": {
            "stemDownNW": [
                0.0, 
                -0.188
            ], 
            "stemUpSE": [
                1.444, 
                0.196
            ]
        }, 
        "noteDoBlack": {
            "stemDownNW": [
                0.0, 
                -0.184
            ], 
            "stemUpSE": [
                1.432, 
                0.192
            ]
        }, 
        "noteDoHalf": {
            "stemDownNW": [
                0.0, 
                -0.188
            ], 
            "stemUpSE": [
                1.444, 
                0.196
            ]
        }, 
        "noteEBlack": {
            "stemDownNW": [
                0.0, 
                -0.188
            ], 
            "stemUpSE": [
                1.432, 
                0.188
            ]
        }, 
        "noteEFlatBlack": {
            "stemDownNW": [
                0.0, 
                -0.188
            ], 
            "stemUpSE": [
                1.428, 
                0.188
            ]
        }, 
        "noteEFlatHalf": {
            "stemDownNW": [
                0.0, 
                -0.188
            ], 
            "stemUpSE": [
                1.44, 
                0.196
            ]
        }, 
        "noteEHalf": {
            "stemDownNW": [
                0.0, 
                -0.188
            ], 
            "stemUpSE": [
                1.44, 
                0.196
            ]
        }, 
        "noteESharpBlack": {
            "stemDownNW": [
                0.0, 
                -0.188
            ], 
            "stemUpSE": [
                1.428, 
                0.188
            ]
        }, 
        "noteESharpHalf": {
            "stemDownNW": [
                0.0, 
                -0.188
            ], 
            "stemUpSE": [
                1.44, 
                0.196
            ]
        }, 
        "noteEmptyBlack": {
            "stemDownNW": [
                0.0, 
                -0.188
            ], 
            "stemUpSE": [
                1.432, 
                0.188
            ]
        }, 
        "noteEmptyHalf": {
            "stemDownNW": [
                0.0, 
                -0.188
            ], 
            "stemUpSE": [
                1.44, 
                0.196
            ]
        }, 
        "noteFBlack": {
            "stemDownNW": [
                0.0, 
                -0.188
            ], 
            "stemUpSE": [
                1.432, 
                0.188
            ]
        }, 
        "noteFFlatBlack": {
            "stemDownNW": [
                0.0, 
                -0.184
            ], 
            "stemUpSE": [
                1.428, 
                0.192
            ]
        }, 
        "noteFFlatHalf": {
            "stemDownNW": [
                0.0, 
                -0.192
            ], 
            "stemUpSE": [
                1.44, 
                0.196
            ]
        }, 
        "noteFHalf": {
            "stemDownNW": [
                0.0, 
                -0.192
            ], 
            "stemUpSE": [
                1.44, 
                0.196
            ]
        }, 
        "noteFSharpBlack": {
            "stemDownNW": [
                0.0, 
                -0.188
            ], 
            "stemUpSE": [
                1.428, 
                0.188
            ]
        }, 
        "noteFSharpHalf": {
            "stemDownNW": [
                0.0, 
                -0.192
            ], 
            "stemUpSE": [
                1.44, 
                0.196
            ]
        }, 
        "noteFaBlack": {
            "stemDownNW": [
                0.0, 
                -0.18
            ], 
            "stemUpSE": [
                1.432, 
                0.196
            ]
        }, 
        "noteFaHalf": {
            "stemDownNW": [
                0.0, 
                -0.188
            ], 
            "stemUpSE": [
                1.44, 
                0.196
            ]
        }, 
        "noteGBlack": {
            "stemDownNW": [
                0.0, 
                -0.184
            ], 
            "stemUpSE": [
                1.432, 
                0.192
            ]
        }, 
        "noteGFlatBlack": {
            "stemDownNW": [
                0.0, 
                -0.184
            ], 
            "stemUpSE": [
                1.432, 
                0.192
            ]
        }, 
        "noteGFlatHalf": {
            "stemDownNW": [
                0.0, 
                -0.192
            ], 
            "stemUpSE": [
                1.44, 
                0.192
            ]
        }, 
        "noteGHalf": {
            "stemDownNW": [
                0.0, 
                -0.188
            ], 
            "stemUpSE": [
                1.44, 
                0.196
            ]
        }, 
        "noteGSharpBlack": {
            "stemDownNW": [
                0.0, 
                -0.188
            ], 
            "stemUpSE": [
                1.428, 
                0.188
            ]
        }, 
        "noteGSharpHalf": {
            "stemDownNW": [
                0.0, 
                -0.188
            ], 
            "stemUpSE": [
                1.44, 
                0.196
            ]
        }, 
        "noteHBlack": {
            "stemDownNW": [
                0.0, 
                -0.184
            ], 
            "stemUpSE": [
                1.432, 
                0.192
            ]
        }, 
        "noteHHalf": {
            "stemDownNW": [
                0.0, 
                -0.188
            ], 
            "stemUpSE": [
                1.44, 
                0.196
            ]
        }, 
        "noteHSharpBlack": {
            "stemDownNW": [
                0.0, 
                -0.184
            ], 
            "stemUpSE": [
                1.432, 
                0.192
            ]
        }, 
        "noteHSharpHalf": {
            "stemDownNW": [
                0.0, 
                -0.192
            ], 
            "stemUpSE": [
                1.44, 
                0.196
            ]
        }, 
        "noteLaBlack": {
            "stemDownNW": [
                0.0, 
                -0.18
            ], 
            "stemUpSE": [
                1.432, 
                0.196
            ]
        }, 
        "noteLaHalf": {
            "stemDownNW": [
                0.0, 
                -0.192
            ], 
            "stemUpSE": [
                1.444, 
                0.196
            ]
        }, 
        "noteMiBlack": {
            "stemDownNW": [
                0.0, 
                -0.18
            ], 
            "stemUpSE": [
                1.432, 
                0.196
            ]
        }, 
        "noteMiHalf": {
            "stemDownNW": [
                0.0, 
                -0.188
            ], 
            "stemUpSE": [
                1.444, 
                0.196
            ]
        }, 
        "noteReBlack": {
            "stemDownNW": [
                0.0, 
                -0.184
            ], 
            "stemUpSE": [
                1.432, 
                0.192
            ]
        }, 
        "noteReHalf": {
            "stemDownNW": [
                0.0, 
                -0.188
            ], 
            "stemUpSE": [
                1.444, 
                0.196
            ]
        }, 
        "noteShapeDiamondBlack": {
            "stemDownNW": [
                0.0, 
                0.0
            ], 
            "stemUpSE": [
                1.54, 
                0.0
            ]
        }, 
        "noteShapeDiamondWhite": {
            "stemDownNW": [
                0.0, 
                0.0
            ], 
            "stemUpSE": [
                1.544, 
                0.0
            ]
        }, 
        "noteShapeMoonBlack": {
            "stemDownNW": [
                0.0, 
                0.068
            ], 
            "stemUpSE": [
                1.596, 
                0.068
            ]
        }, 
        "noteShapeMoonWhite": {
            "stemDownNW": [
                0.0, 
                0.072
            ], 
            "stemUpSE": [
                1.596, 
                0.072
            ]
        }, 
        "noteShapeRoundBlack": {
            "stemDownNW": [
                0.0, 
                -0.188
            ], 
            "stemUpSE": [
                1.328, 
                0.188
            ]
        }, 
        "noteShapeRoundWhite": {
            "stemDownNW": [
                0.0, 
                -0.196
            ], 
            "stemUpSE": [
                1.364, 
                0.192
            ]
        }, 
        "noteShapeSquareBlack": {
            "stemDownNW": [
                0.0, 
                -0.56
            ], 
            "stemUpSE": [
                1.616, 
                0.56
            ]
        }, 
        "noteShapeSquareWhite": {
            "stemDownNW": [
                0.0, 
                -0.56
            ], 
            "stemUpSE": [
                1.616, 
                0.56
            ]
        }, 
        "noteShapeTriangleLeftBlack": {
            "stemDownNW": [
                0.0, 
                0.56
            ], 
            "stemUpSE": [
                1.62, 
                0.56
            ]
        }, 
        "noteShapeTriangleLeftWhite": {
            "stemDownNW": [
                0.0, 
                0.556
            ], 
            "stemUpSE": [
                1.624, 
                0.552
            ]
        }, 
        "noteShapeTriangleRightBlack": {
            "stemDownNW": [
                0.0, 
                -0.56
            ], 
            "stemUpSE": [
                1.62, 
                -0.56
            ]
        }, 
        "noteShapeTriangleRightWhite": {
            "stemDownNW": [
                0.0, 
                -0.564
            ], 
            "stemUpSE": [
                1.62, 
                -0.564
            ]
        }, 
        "noteShapeTriangleRoundBlack": {
            "stemDownNW": [
                0.0, 
                0.192
            ], 
            "stemUpSE": [
                1.584, 
                0.192
            ]
        }, 
        "noteShapeTriangleRoundWhite": {
            "stemDownNW": [
                0.004, 
                0.184
            ], 
            "stemUpSE": [
                1.588, 
                0.184
            ]
        }, 
        "noteShapeTriangleUpBlack": {
            "stemDownNW": [
                0.0, 
                -0.568
            ], 
            "stemUpSE": [
                1.62, 
                -0.568
            ]
        }, 
        "noteShapeTriangleUpWhite": {
            "stemDownNW": [
                0.0, 
                -0.568
            ], 
            "stemUpSE": [
                1.62, 
                -0.568
            ]
        }, 
        "noteSiBlack": {
            "stemDownNW": [
                0.0, 
                -0.18
            ], 
            "stemUpSE": [
                1.432, 
                0.196
            ]
        }, 
        "noteSiHalf": {
            "stemDownNW": [
                0.0, 
                -0.192
            ], 
            "stemUpSE": [
                1.44, 
                0.196
            ]
        }, 
        "noteSoBlack": {
            "stemDownNW": [
                0.0, 
                -0.18
            ], 
            "stemUpSE": [
                1.432, 
                0.196
            ]
        }, 
        "noteSoHalf": {
            "stemDownNW": [
                0.0, 
                -0.192
            ], 
            "stemUpSE": [
                1.444, 
                0.196
            ]
        }, 
        "noteTiBlack": {
            "stemDownNW": [
                0.0, 
                -0.18
            ], 
            "stemUpSE": [
                1.432, 
                0.196
            ]
        }, 
        "noteTiHalf": {
            "stemDownNW": [
                0.0, 
                -0.192
            ], 
            "stemUpSE": [
                1.444, 
                0.196
            ]
        }, 
        "noteheadBlack": {
            "stemDownNW": [
                0.0, 
                -0.184
            ], 
            "stemUpSE": [
                1.328, 
                0.184
            ]
        }, 
        "noteheadCircleSlash": {
            "stemDownNW": [
                0.004, 
                0.0
            ], 
            "stemUpSE": [
                1.128, 
                0.0
            ]
        }, 
        "noteheadCircleX": {
            "stemDownNW": [
                0.0, 
                0.0
            ], 
            "stemUpSE": [
                1.128, 
                0.0
            ]
        }, 
        "noteheadCircleXHalf": {
            "stemDownNW": [
                0.0, 
                0.0
            ], 
            "stemUpSE": [
                1.144, 
                0.0
            ]
        }, 
        "noteheadCircledBlack": {
            "stemDownNW": [
                0.088, 
                -0.176
            ], 
            "stemUpSE": [
                1.416, 
                0.2
            ]
        }, 
        "noteheadCircledHalf": {
            "stemDownNW": [
                0.084, 
                -0.176
            ], 
            "stemUpSE": [
                1.448, 
                0.172
            ]
        }, 
        "noteheadClusterHalf2nd": {
            "stemDownNW": [
                0.0, 
                0.388
            ], 
            "stemUpSE": [
                1.376, 
                1.284
            ]
        }, 
        "noteheadClusterHalf3rd": {
            "stemDownNW": [
                0.0, 
                0.388
            ], 
            "stemUpSE": [
                1.376, 
                1.784
            ]
        }, 
        "noteheadClusterHalfBottom": {
            "stemDownNW": [
                0.0, 
                -0.208
            ]
        }, 
        "noteheadClusterHalfTop": {
            "stemUpSE": [
                1.376, 
                0.18
            ]
        }, 
        "noteheadClusterQuarter2nd": {
            "stemDownNW": [
                0.0, 
                0.624
            ], 
            "stemUpSE": [
                1.42, 
                1.028
            ]
        }, 
        "noteheadClusterQuarter3rd": {
            "stemDownNW": [
                0.0, 
                0.824
            ], 
            "stemUpSE": [
                1.544, 
                1.328
            ]
        }, 
        "noteheadClusterQuarterBottom": {
            "stemDownNW": [
                0.0, 
                -0.2
            ]
        }, 
        "noteheadClusterQuarterTop": {
            "stemUpSE": [
                1.34, 
                0.18
            ]
        }, 
        "noteheadClusterRoundBlack": {
            "stemDownNW": [
                0.0, 
                0.344
            ], 
            "stemUpSE": [
                1.328, 
                2.748
            ]
        }, 
        "noteheadClusterRoundWhite": {
            "stemDownNW": [
                0.008, 
                0.304
            ], 
            "stemUpSE": [
                1.496, 
                2.676
            ]
        }, 
        "noteheadClusterSquareBlack": {
            "stemDownNW": [
                0.0, 
                0.0
            ], 
            "stemUpSE": [
                1.328, 
                3.112
            ]
        }, 
        "noteheadClusterSquareWhite": {
            "stemDownNW": [
                0.0, 
                0.0
            ], 
            "stemUpSE": [
                1.328, 
                3.112
            ]
        }, 
        "noteheadDiamondBlack": {
            "stemDownNW": [
                0.0, 
                0.004
            ], 
            "stemUpSE": [
                1.124, 
                0.004
            ]
        }, 
        "noteheadDiamondBlackOld": {
            "stemDownNW": [
                0.0, 
                -0.008
            ], 
            "stemUpSE": [
                1.316, 
                -0.02
            ]
        }, 
        "noteheadDiamondClusterBlack2nd": {
            "stemDownNW": [
                0.0, 
                0.576
            ], 
            "stemUpSE": [
                1.18, 
                1.092
            ]
        }, 
        "noteheadDiamondClusterBlack3rd": {
            "stemDownNW": [
                0.0, 
                0.54
            ], 
            "stemUpSE": [
                1.18, 
                1.556
            ]
        }, 
        "noteheadDiamondClusterBlackBottom": {
            "stemDownNW": [
                0.0, 
                0.216
            ]
        }, 
        "noteheadDiamondClusterBlackTop": {
            "stemUpSE": [
                1.372, 
                -0.212
            ]
        }, 
        "noteheadDiamondClusterWhite2nd": {
            "stemDownNW": [
                0.0, 
                0.576
            ], 
            "stemUpSE": [
                1.18, 
                1.092
            ]
        }, 
        "noteheadDiamondClusterWhite3rd": {
            "stemDownNW": [
                0.0, 
                0.544
            ], 
            "stemUpSE": [
                1.18, 
                1.56
            ]
        }, 
        "noteheadDiamondClusterWhiteBottom": {
            "stemDownNW": [
                0.0, 
                0.208
            ]
        }, 
        "noteheadDiamondClusterWhiteTop": {
            "stemUpSE": [
                1.38, 
                -0.212
            ]
        }, 
        "noteheadDiamondHalf": {
            "stemDownNW": [
                0.0, 
                0.0
            ], 
            "stemUpSE": [
                1.136, 
                0.0
            ]
        }, 
        "noteheadDiamondHalfFilled": {
            "stemDownNW": [
                -0.004, 
                -0.004
            ], 
            "stemUpSE": [
                1.308, 
                -0.016
            ]
        }, 
        "noteheadDiamondHalfOld": {
            "stemDownNW": [
                0.0, 
                -0.008
            ], 
            "stemUpSE": [
                1.324, 
                -0.016
            ]
        }, 
        "noteheadHalf": {
            "stemDownNW": [
                0.0, 
                -0.196
            ], 
            "stemUpSE": [
                1.364, 
                0.192
            ]
        }, 
        "noteheadHalfWithX": {
            "stemDownNW": [
                0.0, 
                -0.2
            ], 
            "stemUpSE": [
                1.376, 
                0.188
            ]
        }, 
        "noteheadHeavyX": {
            "stemDownNW": [
                0.0, 
                -0.5
            ], 
            "stemUpSE": [
                1.736, 
                0.496
            ]
        }, 
        "noteheadHeavyXHat": {
            "stemDownNW": [
                0.0, 
                -0.5
            ], 
            "stemUpSE": [
                1.744, 
                0.52
            ]
        }, 
        "noteheadLargeArrowDownBlack": {
            "stemDownNW": [
                0.0, 
                1.0
            ], 
            "stemUpSE": [
                1.328, 
                1.0
            ]
        }, 
        "noteheadLargeArrowDownHalf": {
            "stemDownNW": [
                0.0, 
                0.948
            ], 
            "stemUpSE": [
                1.256, 
                0.948
            ]
        }, 
        "noteheadLargeArrowUpBlack": {
            "stemDownNW": [
                0.0, 
                -0.56
            ], 
            "stemUpSE": [
                1.328, 
                -0.56
            ]
        }, 
        "noteheadLargeArrowUpHalf": {
            "stemDownNW": [
                -0.004, 
                -0.496
            ], 
            "stemUpSE": [
                1.256, 
                -0.496
            ]
        }, 
        "noteheadMoonBlack": {
            "stemDownNW": [
                0.0, 
                0.0
            ], 
            "stemUpSE": [
                1.416, 
                0.0
            ]
        }, 
        "noteheadMoonWhite": {
            "stemDownNW": [
                0.0, 
                0.0
            ], 
            "stemUpSE": [
                1.416, 
                0.0
            ]
        }, 
        "noteheadPlusBlack": {
            "stemDownNW": [
                -0.004, 
                0.0
            ], 
            "stemUpSE": [
                1.124, 
                0.0
            ]
        }, 
        "noteheadPlusHalf": {
            "stemDownNW": [
                0.0, 
                -0.112
            ], 
            "stemUpSE": [
                1.188, 
                0.104
            ]
        }, 
        "noteheadRoundBlack": {
            "stemDownNW": [
                0.0, 
                0.0
            ], 
            "stemUpSE": [
                1.12, 
                0.0
            ]
        }, 
        "noteheadRoundBlackLarge": {
            "stemDownNW": [
                0.0, 
                0.0
            ], 
            "stemUpSE": [
                2.12, 
                0.064
            ]
        }, 
        "noteheadRoundBlackSlashed": {
            "stemDownNW": [
                0.0, 
                0.0
            ], 
            "stemUpSE": [
                1.12, 
                0.0
            ]
        }, 
        "noteheadRoundBlackSlashedLarge": {
            "stemDownNW": [
                0.0, 
                0.0
            ], 
            "stemUpSE": [
                2.12, 
                0.0
            ]
        }, 
        "noteheadRoundWhite": {
            "stemDownNW": [
                0.004, 
                0.0
            ], 
            "stemup": [
                1.124, 
                0.0
            ]
        }, 
        "noteheadRoundWhiteLarge": {
            "stemDownNW": [
                0.004, 
                0.06
            ], 
            "stemUpSE": [
                2.124, 
                0.06
            ]
        }, 
        "noteheadRoundWhiteSlashed": {
            "stemDownNW": [
                0.004, 
                0.0
            ], 
            "stemUpSE": [
                1.124, 
                0.0
            ]
        }, 
        "noteheadRoundWhiteSlashedLarge": {
            "stemDownNW": [
                0.0, 
                0.0
            ], 
            "stemUpSE": [
                2.12, 
                0.0
            ]
        }, 
        "noteheadRoundWhiteWithDot": {
            "stemDownNW": [
                0.0, 
                0.0
            ], 
            "stemUpSE": [
                1.12, 
                0.0
            ]
        }, 
        "noteheadRoundWhiteWithDotLarge": {
            "stemDownNW": [
                0.0, 
                0.06
            ], 
            "stemUpSE": [
                2.12, 
                0.06
            ]
        }, 
        "noteheadSlashDiamondWhite": {
            "stemDownNW": [
                0.0, 
                0.0
            ], 
            "stemUpSE": [
                2.0, 
                0.0
            ]
        }, 
        "noteheadSlashHorizontalEnds": {
            "stemDownNW": [
                0.0, 
                -1.0
            ], 
            "stemUpSE": [
                2.12, 
                1.0
            ]
        }, 
        "noteheadSlashHorizontalEndsMuted": {
            "stemDownNW": [
                0.0, 
                -1.0
            ], 
            "stemUpSE": [
                2.12, 
                1.0
            ]
        }, 
        "noteheadSlashVerticalEnds": {
            "stemDownNW": [
                0.0, 
                -0.664
            ], 
            "stemUpSE": [
                1.46, 
                0.656
            ]
        }, 
        "noteheadSlashVerticalEndsMuted": {
            "stemDownNW": [
                0.0, 
                -0.664
            ], 
            "stemUpSE": [
                1.46, 
                0.656
            ]
        }, 
        "noteheadSlashVerticalEndsSmall": {
            "stemDownNW": [
                0.0, 
                -0.256
            ], 
            "stemUpSE": [
                0.732, 
                0.244
            ]
        }, 
        "noteheadSlashWhite": {
            "stemDownNW": [
                0.0, 
                -1.0
            ], 
            "stemUpSE": [
                3.12, 
                1.0
            ]
        }, 
        "noteheadSlashWhiteMuted": {
            "stemDownNW": [
                0.0, 
                -1.0
            ], 
            "stemUpSE": [
                3.12, 
                1.0
            ]
        }, 
        "noteheadSlashX": {
            "stemDownNW": [
                0.0, 
                -1.0
            ], 
            "stemUpSE": [
                2.12, 
                1.0
            ]
        }, 
        "noteheadSlashedBlack1": {
            "stemDownNW": [
                0.0, 
                -0.2
            ], 
            "stemUpSE": [
                1.328, 
                0.176
            ]
        }, 
        "noteheadSlashedBlack2": {
            "stemDownNW": [
                0.0, 
                -0.2
            ], 
            "stemUpSE": [
                1.328, 
                0.176
            ]
        }, 
        "noteheadSlashedHalf1": {
            "stemDownNW": [
                0.004, 
                -0.24
            ], 
            "stemUpSE": [
                1.364, 
                0.144
            ]
        }, 
        "noteheadSlashedHalf2": {
            "stemDownNW": [
                0.004, 
                -0.276
            ], 
            "stemUpSE": [
                1.368, 
                0.112
            ]
        }, 
        "noteheadSquareBlack": {
            "stemDownNW": [
                0.0, 
                -0.564
            ], 
            "stemUpSE": [
                1.416, 
                0.564
            ]
        }, 
        "noteheadSquareBlackLarge": {
            "stemDownNW": [
                0.0, 
                0.0
            ], 
            "stemUpSE": [
                2.148, 
                0.0
            ]
        }, 
        "noteheadSquareBlackWhite": {
            "stemDownNW": [
                0.0, 
                -1.048
            ], 
            "stemUpSE": [
                2.144, 
                1.056
            ]
        }, 
        "noteheadSquareWhite": {
            "stemDownNW": [
                0.0, 
                -0.568
            ], 
            "stemUpSE": [
                1.416, 
                0.56
            ]
        }, 
        "noteheadTriangleDownBlack": {
            "stemDownNW": [
                0.0, 
                0.568
            ], 
            "stemUpSE": [
                1.312, 
                0.568
            ]
        }, 
        "noteheadTriangleDownHalf": {
            "stemDownNW": [
                0.0, 
                0.5
            ], 
            "stemUpSE": [
                1.26, 
                0.5
            ]
        }, 
        "noteheadTriangleDownWhite": {
            "stemDownNW": [
                0.0, 
                0.564
            ], 
            "stemUpSE": [
                1.316, 
                0.564
            ]
        }, 
        "noteheadTriangleLeftBlack": {
            "stemDownNW": [
                0.0, 
                -0.56
            ], 
            "stemUpSE": [
                1.524, 
                -0.56
            ]
        }, 
        "noteheadTriangleLeftWhite": {
            "stemDownNW": [
                0.0, 
                -0.56
            ], 
            "stemUpSE": [
                1.524, 
                -0.56
            ]
        }, 
        "noteheadTriangleRightBlack": {
            "stemDownNW": [
                0.0, 
                -0.56
            ], 
            "stemUpSE": [
                1.524, 
                0.572
            ]
        }, 
        "noteheadTriangleRightWhite": {
            "stemDownNW": [
                0.004, 
                -0.56
            ], 
            "stemUpSE": [
                1.528, 
                0.572
            ]
        }, 
        "noteheadTriangleRoundDownBlack": {
            "stemDownNW": [
                0.0, 
                0.36
            ], 
            "stemUpSE": [
                1.272, 
                0.36
            ]
        }, 
        "noteheadTriangleRoundDownWhite": {
            "stemDownNW": [
                0.0, 
                0.356
            ], 
            "stemUpSE": [
                1.272, 
                0.356
            ]
        }, 
        "noteheadTriangleUpBlack": {
            "stemDownNW": [
                0.0, 
                -0.56
            ], 
            "stemUpSE": [
                1.312, 
                -0.56
            ]
        }, 
        "noteheadTriangleUpHalf": {
            "stemDownNW": [
                -0.004, 
                -0.512
            ], 
            "stemUpSE": [
                1.256, 
                -0.512
            ]
        }, 
        "noteheadTriangleUpRightBlack": {
            "stemDownNW": [
                0.0, 
                0.568
            ], 
            "stemUpSE": [
                1.524, 
                0.568
            ]
        }, 
        "noteheadTriangleUpRightWhite": {
            "stemDownNW": [
                0.0, 
                0.568
            ], 
            "stemUpSE": [
                1.524, 
                0.568
            ]
        }, 
        "noteheadTriangleUpWhite": {
            "stemDownNW": [
                0.0, 
                -0.564
            ], 
            "stemUpSE": [
                1.316, 
                -0.564
            ]
        }, 
        "noteheadVoidWithX": {
            "stemDownNW": [
                -0.004, 
                -0.192
            ], 
            "stemUpSE": [
                1.484, 
                0.192
            ]
        }, 
        "noteheadXBlack": {
            "stemDownNW": [
                0.0, 
                -0.516
            ], 
            "stemUpSE": [
                1.32, 
                0.496
            ]
        }, 
        "noteheadXHalf": {
            "stemDownNW": [
                0.004, 
                -0.464
            ], 
            "stemUpSE": [
                1.516, 
                0.464
            ]
        }, 
        "noteheadXOrnate": {
            "stemDownNW": [
                0.0, 
                -0.312
            ], 
            "stemUpSE": [
                0.988, 
                0.316
            ]
        }
    }
}